{"cameraMode":{"drawMode":0,"name":"Shaded","section":"Shading Mode"},"sceneLighting":true,"audioPlay":false,"sceneViewState":{"m_AlwaysRefresh":false,"showFog":true,"showSkybox":true,"showFlares":true,"showImageEffects":true,"showParticleSystems":true,"showVisualEffectGraphs":true,"m_FxEnabled":true},"in2DMode":false,"pivot":{"x":-0.7200540900230408,"y":-2.0366220474243166,"z":-4.43390417098999},"rotation":{"x":0.0599541962146759,"y":0.01796656660735607,"z":-0.0010791212553158403,"w":0.9980409145355225},"size":3.115948438644409,"orthographic":true}