{"cameraMode":{"drawMode":0,"name":"Shaded","section":"Shading Mode"},"sceneLighting":false,"audioPlay":false,"sceneViewState":{"m_AlwaysRefresh":false,"showFog":true,"showSkybox":false,"showFlares":true,"showImageEffects":true,"showParticleSystems":true,"showVisualEffectGraphs":true,"m_FxEnabled":true},"in2DMode":false,"pivot":{"x":-0.9144278764724731,"y":4.471843242645264,"z":0.0492372065782547},"rotation":{"x":0.27200403809547427,"y":-0.3633766770362854,"z":0.11180879175662995,"w":0.8840100169181824},"size":0.8850405216217041,"orthographic":true}